make,email
Ford,nwong@example.com
Chevrolet,webbtheodore@example.net
GMC,sparksjoy@example.com
Nissan,nwong@example.com
Toyota,suzanne19@example.com
Ford,victoria50@example.com
Ford,webbtheodore@example.net
Chevrolet,hughesgeorge@example.net
Volkswagen,cooleychristopher@example.org
Dodge,nwong@example.com
Kia,hughesgeorge@example.net
Toyota,webbtheodore@example.net
Jeep,webbtheodore@example.net
Volkswagen,alexisharris@example.net
Ford,qreynolds@example.org
Volvo,jessehayes@example.org
Mitsubishi,bridgesraymond@example.com
MAZDA,qreynolds@example.org
Suzuki,robertstimothy@example.net
Dodge,amymorris@example.org
Toyota,qreynolds@example.org
GMC,murphymatthew@example.org
Pontiac,rileyelizabeth@example.net
Ford,fordjohn@example.com
Nissan,amymorris@example.org
GMC,webbtheodore@example.net
Volvo,bridgesraymond@example.com
GMC,tina13@example.org
Lincoln,alexisharris@example.net
Lincoln,murphymatthew@example.org
Rolls-Royce,alexisharris@example.net
Audi,murphymatthew@example.org
GMC,elizabethhayden@example.com
Chevrolet,victoria50@example.com
Dodge,sparksjoy@example.com
Volkswagen,hughesgeorge@example.net
Hyundai,kjones@example.org
Ford,moorejohn@example.com
Suzuki,bridgesraymond@example.com
Chevrolet,moorejohn@example.com
Rolls-Royce,toni81@example.com
Oldsmobile,cooleychristopher@example.org
Hyundai,sparksjoy@example.com
Toyota,tina13@example.org
Nissan,troy85@example.net
Saab,daughertyjeffrey@example.com
Chevrolet,robertstimothy@example.net
Nissan,fordjohn@example.com
Dodge,staceygarcia@example.com
Saturn,rileyelizabeth@example.net
Honda,butlermarissa@example.com
Jaguar,reyesmarie@example.com
GMC,kjones@example.org
Lincoln,peterhancock@example.org
Nissan,davidjohnson@example.com
Acura,ellensloan@example.net
Buick,cooleychristopher@example.org
Scion,nwong@example.com
Nissan,suzanne19@example.com
Lexus,john52@example.net
Mercedes-Benz,victoria50@example.com
Jeep,jessehayes@example.org
GMC,davidjohnson@example.com
GMC,dporter@example.net
BMW,qreynolds@example.org
Scion,matthew68@example.net
Cadillac,robertjoseph@example.com
Lexus,jessicasimmons@example.com
Ford,bridgesraymond@example.com
Freightliner,jessehayes@example.org
Dodge,dporter@example.net
BMW,webbtheodore@example.net
GMC,denise15@example.org
Lexus,peterhancock@example.org
Mercury,lisa77@example.net
Toyota,michael92@example.org
Ford,nicholascarroll@example.com
Lincoln,bridgesraymond@example.com
Ford,brianna86@example.net
Hyundai,brownbrandon@example.net
Lincoln,hughesgeorge@example.net
Mercedes-Benz,gloriasherman@example.com
Nissan,jessicasimmons@example.com
Subaru,christopher12@example.org
Subaru,robin14@example.com
Lexus,atravis@example.org
MAZDA,tinaguerrero@example.net
Nissan,staceygarcia@example.com
Ram,bridgesraymond@example.com
Ford,atravis@example.org
Dodge,michaelsmith@example.org
MAZDA,devonbriggs@example.net
Buick,larry17@example.org
Mitsubishi,lisa77@example.net
Oldsmobile,robertstimothy@example.net
MINI,christine45@example.net
GMC,robertsimpson@example.net
Kia,tdominguez@example.net
Audi,williamsrhonda@example.org
Acura,tiffany46@example.org
MINI,bdudley@example.com
MAZDA,atravis@example.org
Ford,churchlarry@example.org
Toyota,loricampos@example.com
Ford,kjones@example.org
Toyota,jkennedy@example.net
Toyota,kevinjohnson@example.com
Chevrolet,xtucker@example.com
Chevrolet,staceygarcia@example.com
Toyota,michael91@example.org
Volkswagen,john52@example.net
Volkswagen,pthompson@example.net
Lexus,breid@example.com
HUMMER,deborahmooney@example.com
Saab,cheryl86@example.net
Cadillac,troy85@example.net
GMC,alexanderheather@example.org
Ford,chencynthia@example.com
Chevrolet,catherine20@example.net
Toyota,aburton@example.net
Nissan,mariamurphy@example.org
Toyota,sherirodriguez@example.org
Lincoln,michelle80@example.com
Mitsubishi,russell89@example.net
Chevrolet,brianna86@example.net
Nissan,wknight@example.net
Audi,elizabethhayden@example.com
Volkswagen,andersonjeremy@example.org
Mercedes-Benz,nguyendaniel@example.org
Honda,denise15@example.org
BMW,tpearson@example.org
Dodge,areyes@example.com
Jeep,yandrade@example.org
GMC,reidnicholas@example.net
Mercury,tdominguez@example.net
Cadillac,kevin20@example.com
Ford,jasonthompson@example.org
Jeep,brownbrandon@example.net
MAZDA,ssmith@example.net
Jeep,theodore73@example.net
Chevrolet,michaelsmith@example.org
Mitsubishi,vasquezkara@example.org
Lexus,ccampbell@example.org
Chevrolet,petersonthomas@example.net
Oldsmobile,webbtheodore@example.net
GMC,vasquezkara@example.org
Chevrolet,jamesjoseph@example.net
Hyundai,christopher34@example.com
GMC,ssmith@example.net
MAZDA,hardycatherine@example.com
Cadillac,dbuckley@example.org
Volvo,robertsimpson@example.net
Aston Martin,amanda00@example.org
Saab,cynthia12@example.org
Honda,bdudley@example.com
Ford,sjohnson@example.net
Ford,alexis77@example.com
Toyota,cheryl86@example.net
Toyota,davispatricia@example.net
Volkswagen,doughertysherry@example.org
Mitsubishi,odiaz@example.com
Scion,williamsveronica@example.net
Ford,christina62@example.com
Mercedes-Benz,tiffany46@example.org
GMC,brianmorris@example.net
Hyundai,odiaz@example.com
Honda,ssmith@example.net
Rolls-Royce,bridgesraymond@example.com
BMW,williamsveronica@example.net
Land Rover,jessehayes@example.org
Ford,alan90@example.org
GMC,cooleychristopher@example.org
Mercury,scottdickson@example.com
Isuzu,christopher12@example.org
Audi,fordjohn@example.com
Lexus,toni81@example.com
Audi,hughesgeorge@example.net
Toyota,dbuckley@example.org
Bentley,webbtheodore@example.net
Chrysler,michael91@example.org
smart,alan90@example.org
Mitsubishi,deborahmooney@example.com
Chevrolet,kellyreyes@example.org
Land Rover,michael91@example.org
Aston Martin,michael91@example.org
Chevrolet,jonathangregory@example.com
MAZDA,jessicasimmons@example.com
Alfa Romeo,tina13@example.org
Nissan,bdudley@example.com
Chevrolet,jessehayes@example.org
Acura,dbuckley@example.org
Chevrolet,williamsjose@example.org
Jeep,mckinneywyatt@example.org
GMC,anthonyrodriguez@example.org
smart,wknight@example.net
GMC,michaelsmith@example.org
Ford,vyoung@example.net
Toyota,martinezmary@example.net
Mercedes-Benz,garythomas@example.org
Tesla,kevin20@example.com
BMW,oparker@example.org
Dodge,murphymatthew@example.org
Buick,davispatricia@example.net
Chevrolet,julia66@example.org
Subaru,jessehayes@example.org
Freightliner,bonniegreen@example.com
BMW,suzanne19@example.com
Hyundai,angelapittman@example.com
Toyota,hughesgeorge@example.net
Chrysler,david90@example.org
GMC,randyharris@example.com
Nissan,cooleychristopher@example.org
Dodge,theodore73@example.net
Lexus,johnwarren@example.net
Buick,jasonthompson@example.org
Ram,amymorris@example.org
Jeep,susanpoole@example.com
Chevrolet,sparksjoy@example.com
Honda,emily29@example.net
BMW,rileyelizabeth@example.net
Chevrolet,erinscott@example.net
Ford,andersonjeremy@example.org
Land Rover,theodore73@example.net
Ram,moorejohn@example.com
Volkswagen,kimberly05@example.net
Cadillac,anthonyrodriguez@example.org
Jeep,wmacdonald@example.org
smart,saundersmelissa@example.net
Toyota,michaelsmith@example.org
Suzuki,david90@example.org
GMC,angelapittman@example.com
Buick,monica22@example.net
Mitsubishi,matthew68@example.net
Dodge,robin14@example.com
Dodge,robert51@example.org
Lincoln,sparksjoy@example.com
Chevrolet,atravis@example.org
Volkswagen,davisdonna@example.org
Dodge,breid@example.com
Volvo,dianemarshall@example.com
Oldsmobile,linda78@example.org
INFINITI,adrienne53@example.com
Jaguar,xtucker@example.com
Nissan,sjohnson@example.net
Mitsubishi,darrellwilliams@example.com
Audi,angelapittman@example.com
Mercedes-Benz,kurtmartin@example.com
Audi,yking@example.org
BMW,theodore73@example.net
Volkswagen,sheppardteresa@example.com
Lexus,vasquezkara@example.org
Volvo,jonesrebekah@example.org
Ford,richard14@example.com
Mercury,benjamin21@example.net
Buick,sadams@example.com
INFINITI,daughertyjeffrey@example.com
Ford,nfowler@example.net
MINI,cynthia12@example.org
Mercury,nicholascarroll@example.com
Buick,mckinneywyatt@example.org
Nissan,freyes@example.org
Nissan,anthony26@example.com
Isuzu,charles34@example.net
Cadillac,jkennedy@example.net
GMC,williamsrhonda@example.org
GMC,williamnguyen@example.org
Lincoln,jenniferbrown@example.com
Toyota,ronald73@example.com
Hyundai,russellmosley@example.net
GMC,bonniegreen@example.com
Lexus,victoria50@example.com
Dodge,douglasadams@example.com
Jaguar,yarnold@example.org
Audi,jameshughes@example.com
Mercedes-Benz,michael30@example.com
Porsche,james36@example.net
Mercedes-Benz,john52@example.net
GMC,toni81@example.com
Buick,beverlyrogers@example.com
Jeep,garciadaniel@example.org
Ford,howens@example.com
Dodge,jhurley@example.com
Buick,wendyjackson@example.com
BMW,xtucker@example.com
Mercury,anthony26@example.com
Volvo,sara37@example.net
Suzuki,butlermarissa@example.com
Chevrolet,davidjohnson@example.com
Acura,ssmith@example.net
INFINITI,kjones@example.org
Porsche,david90@example.org
Subaru,denise15@example.org
Plymouth,martinezmary@example.net
Nissan,jonesjames@example.com
GMC,thompsondeanna@example.net
Hyundai,deborahmooney@example.com
Mitsubishi,denniscorey@example.net
Chevrolet,russell89@example.net
Nissan,darrellwilliams@example.com
Lincoln,david90@example.org
Toyota,jonesjames@example.com
Dodge,jeremy07@example.org
Mitsubishi,atravis@example.org
Nissan,laurenburch@example.com
Mitsubishi,rebeccasnyder@example.org
BMW,brianmorris@example.net
FIAT,xtucker@example.com
Toyota,dclark@example.com
Jaguar,veronica33@example.net
Ford,anthonyrodriguez@example.org
Subaru,tcunningham@example.org
Mitsubishi,larry17@example.org
Mercedes-Benz,fweeks@example.org
Toyota,james36@example.net
Chrysler,qtaylor@example.com
Subaru,angelagraham@example.org
Dodge,petersonthomas@example.net
Nissan,joannamay@example.org
Dodge,bdudley@example.com
Lexus,denise15@example.org
Lexus,adrienne53@example.com
Hyundai,cynthialewis@example.com
Acura,reidnicholas@example.net
Toyota,frederickmario@example.com
Nissan,jnash@example.org
Chevrolet,doughertysherry@example.org
Jeep,gnguyen@example.net
Ford,samuelperkins@example.com
Saab,wknight@example.net
Ford,dporter@example.net
Chevrolet,frederickmario@example.com
BMW,emily29@example.net
Mercedes-Benz,morganandrew@example.com
Lexus,garythomas@example.org
Chrysler,bartonrobert@example.net
Ford,dlove@example.net
Buick,ricelisa@example.com
Plymouth,alexis77@example.com
Chevrolet,tiffany07@example.org
Dodge,moorejohn@example.com
MINI,devonbriggs@example.net
Dodge,ohughes@example.net
Lincoln,williamsveronica@example.net
Chevrolet,deborahmooney@example.com
Lexus,christopher12@example.org
Ford,kayla27@example.com
Dodge,dianemarshall@example.com
Volkswagen,yarnold@example.org
Acura,daniel03@example.net
Mercedes-Benz,bdudley@example.com
Aston Martin,bartonrobert@example.net
GMC,millerjohn@example.net
Acura,michael92@example.org
Oldsmobile,thompsondeanna@example.net
Jeep,williamsrhonda@example.org
Hyundai,douglasadams@example.com
Chevrolet,santanajustin@example.net
Mercedes-Benz,tiffany07@example.org
INFINITI,sheppardteresa@example.com
Geo,garciadaniel@example.org
Ram,jenniferbrown@example.net
GMC,jennifer71@example.net
GMC,james97@example.net
Volvo,manningtiffany@example.org
Buick,rrichards@example.net
Pontiac,pthompson@example.net
Lincoln,ashley44@example.net
Jaguar,jose35@example.net
BMW,martinezmary@example.net
Chevrolet,christopher34@example.com
Chevrolet,williamsrhonda@example.org
Jeep,tdominguez@example.net
Land Rover,james97@example.net
Ford,joyce58@example.net
GMC,wfernandez@example.com
Ford,uweber@example.net
Volvo,mweaver@example.org
Chevrolet,blake09@example.org
Lexus,freyes@example.org
Chevrolet,mitchelllisa@example.net
Kia,daughertyjeffrey@example.com
GMC,gilbertcody@example.org
Kia,jameshughes@example.com
Chevrolet,shannon76@example.org
MAZDA,williamsjose@example.org
Jaguar,youngalexa@example.com
Ferrari,jonesjames@example.com
Ford,xjenkins@example.net
Honda,dsoto@example.com
Audi,peter17@example.com
Toyota,blackwellmichelle@example.com
Jaguar,moonconnie@example.net
Maserati,jasoncruz@example.com
Chevrolet,apratt@example.net
Toyota,brucesara@example.org
Mitsubishi,imartin@example.com
Mitsubishi,stephensandrew@example.com
Toyota,morrisonbrittney@example.org
Nissan,dlove@example.net
Buick,garythomas@example.org
Ford,stephensandrew@example.com
Porsche,robertsjason@example.org
Buick,dsoto@example.com
Toyota,kimberly05@example.net
Lexus,rebeccamills@example.net
Audi,mitchelllisa@example.net
Saab,jeffery28@example.net
Lincoln,xjenkins@example.net
BMW,kevinjohnson@example.com
Kia,payneelizabeth@example.net
Kia,manningtiffany@example.org
Hyundai,owilliams@example.net
GMC,andersonjeremy@example.org
Mercury,jenniferbruce@example.com
Audi,hardycatherine@example.com
GMC,uweber@example.net
Toyota,cmorrow@example.net
GMC,jameshughes@example.com
Acura,linda78@example.org
Hyundai,michaelsmith@example.org
Volvo,eric70@example.net
BMW,edwardklein@example.org
Plymouth,payneelizabeth@example.net
Ford,sheppardteresa@example.com
Kia,chelseafisher@example.com
Audi,dianelucas@example.com
MAZDA,fpowell@example.org
Daewoo,darrellwilliams@example.com
Hyundai,ronald73@example.com
Hyundai,xhouse@example.net
Acura,jonesjames@example.com
Ford,robert51@example.org
Mercedes-Benz,williamnguyen@example.org
Ford,ybell@example.org
Porsche,regina99@example.net
Volkswagen,joyce58@example.net
Ford,wadecarla@example.net
Toyota,yolanda55@example.net
INFINITI,regina99@example.net
Nissan,millerrussell@example.net
Freightliner,qmiller@example.com
Ford,fdavis@example.com
Cadillac,david90@example.org
INFINITI,garciadaniel@example.org
Ford,erica85@example.org
Dodge,robert44@example.org
Dodge,laurenburch@example.com
Chevrolet,loricampos@example.com
GMC,levineantonio@example.org
Acura,colefreeman@example.com
Mercury,andres45@example.org
Ford,stephenoliver@example.com
MINI,ginahayes@example.net
Ferrari,williamjimenez@example.org
Ford,levineantonio@example.org
GMC,jessicasimmons@example.com
Toyota,benjaminnelson@example.com
Chevrolet,cynthialewis@example.com
Cadillac,taylorbenjamin@example.com
Chevrolet,pattersonscott@example.org
MAZDA,jasminegarcia@example.com
McLaren,dale04@example.com
Chevrolet,mary79@example.net
Ford,edwardlyons@example.org
Ford,matthew07@example.net
Oldsmobile,alison35@example.org
Buick,brianmaldonado@example.org
GMC,kingbelinda@example.net
Audi,brownbrandon@example.net
Chevrolet,adrienne75@example.org
Buick,qtaylor@example.com
Rolls-Royce,monica22@example.net
Honda,sheilaandrade@example.net
Audi,wmacdonald@example.org
Toyota,whitenicole@example.net
Mercedes-Benz,alan90@example.org
Kia,marcushall@example.org
Ford,msmith@example.net
Dodge,stephanieherrera@example.net
Chevrolet,erica23@example.net
Volkswagen,chencynthia@example.com
Jeep,paynekelly@example.org
Kia,williamgardner@example.net
Toyota,jasminegarcia@example.com
Acura,fwilson@example.org
Buick,cheryl86@example.net
Honda,gmiller@example.net
Lincoln,aguilartammy@example.org
Honda,staceygarcia@example.com
Nissan,mvang@example.net
Volvo,zalvarado@example.org
Ford,edwardsmason@example.org
Isuzu,brownjacqueline@example.com
Honda,troyramirez@example.com
smart,robertsjason@example.org
Lexus,tracyhall@example.com
MAZDA,gdunn@example.net
Mercedes-Benz,jnash@example.org
Nissan,travis22@example.org
Ford,sadams@example.com
Volvo,cpeterson@example.org
Hyundai,victoria50@example.com
INFINITI,nathanwang@example.org
Hyundai,drichards@example.com
BMW,benjaminnelson@example.com
Nissan,joyce58@example.net
Honda,michellehuynh@example.org
Chevrolet,laura52@example.org
Maserati,bennettveronica@example.org
Suzuki,michellebrown@example.net
Dodge,maria12@example.net
Ram,fwilson@example.org
smart,jennifer71@example.net
Lamborghini,gwatson@example.com
GMC,elizabeth69@example.com
Saab,vanessamaxwell@example.com
Nissan,santanajames@example.net
Buick,penamelinda@example.com
Nissan,hughesgeorge@example.net
Dodge,davispatricia@example.net
Dodge,manuelnunez@example.org
Buick,ejackson@example.net
Chevrolet,barneslindsay@example.org
Toyota,josethompson@example.org
FIAT,ksanchez@example.org
Ram,dawnholder@example.com
Porsche,alison35@example.org
Maserati,johnsonandrea@example.org
Oldsmobile,rogersrichard@example.com
Hyundai,jennifersmith@example.org
Jaguar,robertfoster@example.org
Mercury,ambergreene@example.org
Toyota,millerrussell@example.net
Chrysler,pthompson@example.net
Nissan,christopher65@example.org
Isuzu,dianemarshall@example.com
Mitsubishi,johnsonandrea@example.org
GMC,williamgardner@example.net
Ford,matthew68@example.net
Dodge,schneiderveronica@example.net
Honda,ccampbell@example.org
Oldsmobile,jasoncruz@example.com
Suzuki,james36@example.net
Volvo,lisa77@example.net
Toyota,lisa14@example.org
Chevrolet,hensonalex@example.net
GMC,andres45@example.org
McLaren,woconnell@example.com
Audi,kristopherhester@example.com
Porsche,garciadaniel@example.org
Volkswagen,devonbriggs@example.net
Scion,hardycatherine@example.com
Lexus,webbtheodore@example.net
BMW,julia66@example.org
Chevrolet,joyce58@example.net
Ford,theodore73@example.net
Subaru,bmartinez@example.net
Lamborghini,freyes@example.org
Ford,ricelisa@example.com
Hyundai,katherinehall@example.org
Audi,cmclean@example.org
Chevrolet,eric70@example.net
MAZDA,nicholascarroll@example.com
Nissan,martindodson@example.com
FIAT,catherine20@example.net
Bentley,millerrussell@example.net
MAZDA,amymorris@example.org
Nissan,petersonthomas@example.net
Nissan,jeff81@example.net
Subaru,joshua49@example.net
INFINITI,lisa77@example.net
Acura,vyoung@example.net
MAZDA,twilliams@example.net
GMC,tdominguez@example.net
Subaru,ejackson@example.net
