model,email
M,sparksjoy@example.com
Silverado 3500 HD Double Cab,nwong@example.com
Sprinter 3500 Cargo,webbtheodore@example.net
Golf SportWagen,nwong@example.com
Crossfire,webbtheodore@example.net
Firebird,suzanne19@example.com
G,jameshughes@example.com
MKZ,hughesgeorge@example.net
F250 Super Duty Regular Cab,victoria50@example.com
430 Scuderia,hughesgeorge@example.net
Silverado 3500 HD Double Cab,victoria50@example.com
Windstar Cargo,victoria50@example.com
Aveo,cooleychristopher@example.org
Yukon Denali,nwong@example.com
Equus,webbtheodore@example.net
Impala,webbtheodore@example.net
Tracker,webbtheodore@example.net
Explorer Sport,victoria50@example.com
Altima,webbtheodore@example.net
Jimmy,victoria50@example.com
Crown Victoria,rileyelizabeth@example.net
Canyon Regular Cab,victoria50@example.com
Corvette,robertstimothy@example.net
240SX,murphymatthew@example.org
Marauder,rileyelizabeth@example.net
Trooper,rileyelizabeth@example.net
Jetta,moorejohn@example.com
QX70,qreynolds@example.org
S80,jameshughes@example.com
FX,victoria50@example.com
CR-Z,yking@example.org
Silverado 3500 HD Double Cab,yking@example.org
Q50,pthompson@example.net
GTO,robertjoseph@example.com
Prizm,pthompson@example.net
Encore,bridgesraymond@example.com
Lancer Evolution,bridgesraymond@example.com
Neon,qreynolds@example.org
Silverado 1500 HD Crew Cab,mccoybrian@example.net
Golf GTI,webbtheodore@example.net
Tiguan,davidjohnson@example.com
XLR,davidjohnson@example.com
Transit Connect Cargo,brownbrandon@example.net
Challenger,tdominguez@example.net
Outback,troy85@example.net
Clarity Plug-in Hybrid,hughesgeorge@example.net
X6 M,butlermarissa@example.com
Camaro,tina13@example.org
Kizashi,hughesgeorge@example.net
M3,tina13@example.org
Tundra Double Cab,tdominguez@example.net
Silverado 2500 HD Extended Cab,jessicasimmons@example.com
Silverado 3500 Regular Cab,kjones@example.org
Accord,amymorris@example.org
Armada,marcushall@example.org
Silverado 2500 Regular Cab,tinaguerrero@example.net
Passat,reyesmarie@example.com
4Runner,mccoybrian@example.net
SL-Class,davidjohnson@example.com
C-MAX Energi,sparksjoy@example.com
Mercedes-AMG S-Class,atravis@example.org
Versa,mccoybrian@example.net
GX,vasquezkara@example.org
Cutlass Ciera,vasquezkara@example.org
Caprice Classic,tdominguez@example.net
Escalade ESV,qreynolds@example.org
B-Series Regular Cab,cooleychristopher@example.org
MKX,christopher34@example.com
Odyssey,lisa77@example.net
Cougar,fordjohn@example.com
X3,kevinjohnson@example.com
Wrangler,hughesgeorge@example.net
Envoy XL,jameshughes@example.com
MAZDA3,lisa77@example.net
Elise,vasquezkara@example.org
Diamante,christopher12@example.org
SC,atravis@example.org
Tundra Access Cab,larry17@example.org
Town Car,jessicasimmons@example.com
3500 Extended Cab,jessicasimmons@example.com
NX,webbtheodore@example.net
Range Rover,russell89@example.net
CX-9,denise15@example.org
California,simsedward@example.net
Terrain,sparksjoy@example.com
MDX,oparker@example.org
TL,alexisharris@example.net
Highlander,simsedward@example.net
Malibu,jasminegarcia@example.com
Escalade ESV,robertjoseph@example.com
Ram 50 Regular Cab,gilbertcody@example.org
RS 6,xtucker@example.com
C-Class,peterhancock@example.org
A4,daughertyjeffrey@example.com
Lanos,jessehayes@example.org
F250 Super Duty Crew Cab,brittney06@example.org
Tacoma Double Cab,davispatricia@example.net
G80,mccoybrian@example.net
Boxster,fordjohn@example.com
Express 3500 Passenger,alexisharris@example.net
Ranger Super Cab,webbtheodore@example.net
S-Class,scottdickson@example.com
Convertible,suzanne19@example.com
ES,davidjohnson@example.com
57,oparker@example.org
NV2500 HD Cargo,davidjohnson@example.com
Camaro,blake09@example.org
Grand Caravan Passenger,johnwarren@example.net
Navigator L,cooleychristopher@example.org
M3,michaelwilson@example.com
MKZ,cynthia12@example.org
Ram Van 2500,aburton@example.net
New Beetle,gilbertcody@example.org
RAV4 Hybrid,john52@example.net
TL,michael92@example.org
Xtra Cab,lisa77@example.net
Express 2500 Cargo,jonesrebekah@example.org
4C,jonesrebekah@example.org
SLK-Class,bdudley@example.com
2500 Regular Cab,cooleychristopher@example.org
Econoline E150 Cargo,ellensloan@example.net
Endeavor,sparksjoy@example.com
Tundra Double Cab,denise15@example.org
Dakota Regular Cab,staceygarcia@example.com
F350 Super Duty Super Cab,kjones@example.org
TL,jessicasimmons@example.com
4Runner,russell89@example.net
F150 Super Cab,veronica33@example.net
B-Series Regular Cab,tiffany46@example.org
Neon,steven15@example.org
NV200,tiffany46@example.org
Cirrus,michaelwilson@example.com
F150 SuperCrew Cab,doughertysherry@example.org
1500 Regular Cab,davispatricia@example.net
Blazer,jonesduane@example.net
2500 Regular Cab,deborahmooney@example.com
F450 Super Duty Crew Cab,jkennedy@example.net
B-Series Cab Plus,doughertysherry@example.org
Econoline E150 Cargo,robin14@example.com
Cherokee,jasonthompson@example.org
Sentra,michaelsmith@example.org
Fleetwood,bridgesraymond@example.com
Cabrio,kevinjohnson@example.com
Ram Van 2500,davidjohnson@example.com
Explorer,andrewsfrederick@example.org
Eclipse,reidnicholas@example.net
Silverado (Classic) 1500 HD Crew Cab,kevin20@example.com
Sedona,tina13@example.org
3000GT,deborahmooney@example.com
Avalanche,jonesrebekah@example.org
Golf,devonbriggs@example.net
Sierra 3500 HD Extended Cab,odiaz@example.com
200,jonesrebekah@example.org
Sonata,marcushall@example.org
Jetta SportWagen,loricampos@example.com
Sierra 2500 HD Double Cab,tinaguerrero@example.net
Sierra 3500 HD Regular Cab,qreynolds@example.org
Grand Caravan Passenger,angelapittman@example.com
Range Rover,colefreeman@example.com
Avalon,wmacdonald@example.org
Express 3500 Passenger,elizabeth69@example.com
Insight,yking@example.org
Convertible,odiaz@example.com
Metro,xtucker@example.com
4Runner,reidnicholas@example.net
Malibu,jhurley@example.com
LeMans,deborahmooney@example.com
Xterra,vasquezkara@example.org
Transit 350 HD Van,freyes@example.org
A6,freyes@example.org
Taurus,lpalmer@example.net
Accord,dclark@example.com
MX-6,brianmorris@example.net
5 Series,fordjohn@example.com
Envoy XL,aburton@example.net
Azera,nwong@example.com
Tacoma Xtracab,dbuckley@example.org
Xterra,jnash@example.org
Sierra 1500 Regular Cab,ccampbell@example.org
X6 M,andersonjeremy@example.org
Navigator,tdominguez@example.net
Elantra,nicolejones@example.com
Savana 1500 Passenger,daughertyjeffrey@example.com
RX,brianmorris@example.net
LS,tiffany07@example.org
Wraith,wmacdonald@example.org
TrailBlazer,sara37@example.net
Grand Caravan Passenger,lpalmer@example.net
Golf SportWagen,vyoung@example.net
Ram 2500 Quad Cab,michael91@example.org
Sportage,nwong@example.com
G,monica22@example.net
Range Rover Evoque,cheryl86@example.net
Cayenne,atravis@example.org
V90,dianemarshall@example.com
X3,vasquezkara@example.org
Vantage,brittney06@example.org
Tiguan Limited,amybrown@example.net
Prelude,kellyreyes@example.org
Probe,dianemarshall@example.com
Equator Extended Cab,churchlarry@example.org
6 Series,toni81@example.com
NV200,kevinjohnson@example.com
Altima,russell89@example.net
Corolla,robertsimpson@example.net
Ram 2500 Quad Cab,dawnholder@example.com
Flying Spur,suzanne19@example.com
E-Class,monica22@example.net
Sierra 3500 HD Crew Cab,manningtiffany@example.org
F350 Super Duty Crew Cab,lisa77@example.net
Wrangler,ybell@example.org
SL-Class,lisa87@example.net
Azera,sethsmith@example.org
3500 Crew Cab,loricampos@example.com
Grand Am,edwardlyons@example.org
Silverado 2500 HD Crew Cab,lindseyhartman@example.org
Tacoma Access Cab,cooleychristopher@example.org
Civic,amanda00@example.org
Corvette,edwardlyons@example.org
Borrego,amanda00@example.org
3500 Extended Cab,alexanderheather@example.org
Ram 1500 Quad Cab,manningtiffany@example.org
Sonic,dporter@example.net
CLA,rodgersgregory@example.org
S6,john52@example.net
A4,whitenicole@example.net
Rapide S,mckinneywyatt@example.org
M3,robert58@example.org
Club Wagon,troy85@example.net
7 Series,jameshughes@example.com
Sportage,andrewsfrederick@example.org
Santa Fe Sport,andrewsfrederick@example.org
WRX,brianna86@example.net
STS,hardycatherine@example.com
Avalanche,michaelsmith@example.org
Sequoia,yandrade@example.org
i-MiEV,jacqueline20@example.org
Levante,troy85@example.net
A6,johnwarren@example.net
Skylark,julia66@example.org
62,lpalmer@example.net
G80,mcclainrodney@example.org
Convertible,williamsjose@example.org
3500 Regular Cab,brianmorris@example.net
Q3,kevinjohnson@example.com
Ridgeline,odiaz@example.com
F430,butlermarissa@example.com
Yaris,wfernandez@example.com
A8,cmorrow@example.net
Fusion,martindodson@example.com
Xterra,santanajustin@example.net
F-TYPE,qreynolds@example.org
Sprinter 2500 Crew,jamesjoseph@example.net
M-Class,vyoung@example.net
Suburban 1500,lisa77@example.net
F150 Regular Cab,peter17@example.com
Sonata,erinscott@example.net
Escalade,troy85@example.net
Grand Caravan Passenger,zgomez@example.com
C-MAX Hybrid,butlermarissa@example.com
911,webbtheodore@example.net
Voyager,kjones@example.org
RS 5,hardycatherine@example.com
Karma,gdunn@example.net
Contour,moorejennifer@example.org
Lancer,ccampbell@example.org
G,devonbriggs@example.net
Ram 3500 Regular Cab,nfowler@example.net
500e,jonesduane@example.net
Topaz,zgomez@example.com
Mighty Max Regular Cab,ellensloan@example.net
Venture Passenger,hughesgeorge@example.net
Eclipse,adrienne53@example.com
Spark EV,dclark@example.com
B-Series Cab Plus,blake09@example.org
Discovery Sport,jhurley@example.com
GS,javier18@example.org
Trooper,markcox@example.com
Yukon,mckinneywyatt@example.org
X7,nicolejones@example.com
MKZ,hardycatherine@example.com
Sierra 3500 HD Extended Cab,pthompson@example.net
Prius,frederickmario@example.com
Cayenne,daniel37@example.org
Insight,morganandrew@example.com
Sierra 2500 HD Extended Cab,larry17@example.org
Odyssey,santanajustin@example.net
LeSabre,areyes@example.com
Tahoe,jonesjames@example.com
500,dsoto@example.com
LeBaron,frederickmario@example.com
Jetta,vcompton@example.com
Sprinter 2500 Passenger,tpearson@example.org
Tacoma Xtracab,kurtmartin@example.com
Express 2500 Passenger,michaelsmith@example.org
Talon,corey33@example.com
Vandura G3500,jeremy07@example.org
Accord,andrewsfrederick@example.org
Accord,bridgesraymond@example.com
Silverado 1500 Regular Cab,jessehayes@example.org
Quattroporte,randyharris@example.com
Enclave,sherirodriguez@example.org
Sunfire,yking@example.org
Q,denniscorey@example.net
tC,jessicasimmons@example.com
Jetta,webbtheodore@example.net
NSX,morrisonbrittney@example.org
Ram 1500 Quad Cab,sparksjoy@example.com
TL,ssmith@example.net
Legacy,nicholascarroll@example.com
CR-V,markcox@example.com
Z8,tina13@example.org
F250 Super Duty Crew Cab,jessehayes@example.org
MAZDA3,peter17@example.com
Frontier King Cab,corey33@example.com
Park Avenue,hkim@example.net
Safari Cargo,robertjoseph@example.com
Ghost,jenniferbruce@example.com
Silverado 2500 HD Extended Cab,martinezmary@example.net
Suburban 2500,youngalexa@example.com
Charger,brownbrandon@example.net
G-Series G10,simsedward@example.net
Vitara,marshallcandace@example.com
Ram 3500 Quad Cab,hughesgeorge@example.net
Suburban 1500,jonesrebekah@example.org
Intrepid,davidjohnson@example.com
Edge,benjaminnelson@example.com
Venture Cargo,kurtmartin@example.com
X3,ssmith@example.net
Rendezvous,santanajustin@example.net
Tundra Access Cab,amybrown@example.net
88,owilliams@example.net
Silverado 1500 Crew Cab,wfernandez@example.com
D150 Club Cab,aaron59@example.com
Aveo,jameshughes@example.com
Silverado 3500 Crew Cab,barneslindsay@example.org
300 E,darrellwilliams@example.com
F250 Super Duty Super Cab,alison35@example.org
1500 Crew Cab,fletcherlisa@example.net
Prius,oparker@example.org
Optima Plug-in Hybrid,codywilliams@example.org
CX-9,brownbrandon@example.net
Vanquish,richard14@example.com
Element,millerjohn@example.net
Rally Wagon 3500,zgomez@example.com
B-Series Extended Cab,nathanwang@example.org
GT-R,fergusonnina@example.com
Endeavor,jonathangregory@example.com
MDX,douglasadams@example.com
S-Class,debrasmith@example.org
Silverado 2500 HD Crew Cab,zhampton@example.net
Huracan,blackwellmichelle@example.com
H2,sadams@example.com
Venture Cargo,allisonlamb@example.net
M4,laurenburch@example.com
Savana 2500 Cargo,daniel03@example.net
Mark VIII,sethsmith@example.org
3 Series,jamesjoseph@example.net
Acadia,anthonycollins@example.com
Ram Van 1500,brucesara@example.org
Eclipse,sara37@example.net
X5,yolanda55@example.net
Boxster,jeffery28@example.net
Rogue,martindodson@example.com
300,jonathanevans@example.net
Q60,cynthia12@example.org
Freestyle,matthew07@example.net
BRZ,blackwellmichelle@example.com
PT Cruiser,marshallcandace@example.com
Mountaineer,jeremy07@example.org
Eldorado,tinaguerrero@example.net
Element,kristingardner@example.com
Sonoma Crew Cab,nicholascarroll@example.com
LR2,christopher12@example.org
X3,sheilaandrade@example.net
Z4,nicholascarroll@example.com
Endeavor,davidjohnson@example.com
Murano,marcushall@example.org
RX-8,ccampbell@example.org
GT-R,sherirodriguez@example.org
Savana 2500 Passenger,jessicasimmons@example.com
GLC,jnash@example.org
3500 Crew Cab,edwardklein@example.org
Sierra (Classic) 2500 HD Extended Cab,alison35@example.org
GTI,tcunningham@example.org
NV200 Taxi,wfernandez@example.com
Swift,anthonycollins@example.com
GLA-Class,williamsveronica@example.net
GT-R,csanchez@example.com
SSR,wmacdonald@example.org
929,sherirodriguez@example.org
2500 HD Club Coupe,darrellwilliams@example.com
Spectra,fowlerbrian@example.org
DB9,mariamurphy@example.org
del Sol,amanda00@example.org
Prizm,millerjohn@example.net
Ram Van B150,xtucker@example.com
F150 SuperCrew Cab,johnsonandrea@example.org
Amigo,eric70@example.net
S-Series,linda78@example.org
F250 Super Duty Regular Cab,acline@example.com
Maxima,mweaver@example.org
3000GT,rblackwell@example.org
Wrangler,chencynthia@example.com
Accent,jshea@example.com
RLX Sport Hybrid,theodore73@example.net
Sienna,alexis77@example.com
Sportage,gwatson@example.com
LeSabre,aflynn@example.org
Equus,marshallcandace@example.com
CL,xjenkins@example.net
Silverado 1500 Regular Cab,petersonthomas@example.net
Maxima,morrisonbrittney@example.org
S80,mary79@example.net
Silverado 2500 HD Crew Cab,theodore73@example.net
Q60,jensenchristopher@example.net
S10 Regular Cab,katherinehall@example.org
Sedona,peter17@example.com
Forester,blake09@example.org
S5,acline@example.com
E-Class,javier18@example.org
Discovery Series II,michelle80@example.com
FR-S,millerrussell@example.net
Elantra,jeffery28@example.net
MP4-12C,powersjonathan@example.org
Mercedes-AMG CLA,jeffreybernard@example.com
MR2,qreynolds@example.org
Suburban 3500HD,andersonjeremy@example.org
F350 Super Duty Crew Cab,garythomas@example.org
Equinox,fwilson@example.org
GTI (New),manuelnunez@example.org
Econoline E250 Cargo,jenniferbrown@example.com
Colorado Crew Cab,loricampos@example.com
Rogue Select,joyce58@example.net
California,jnash@example.org
Pathfinder,simsedward@example.net
Sonic,manuelnunez@example.org
Sidekick,cpeterson@example.org
Jetta,williamsjose@example.org
Durango,martinezmary@example.net
Cascada,daughertyjeffrey@example.com
2500 Crew Cab,rrichards@example.net
Versa,nfowler@example.net
Tundra CrewMax,warrenstephanie@example.com
B-Series Regular Cab,peter17@example.com
Grand Marquis,catherine20@example.net
RAV4,devonbriggs@example.net
Corvette,santanajustin@example.net
SLK-Class,robert44@example.org
Tacoma Double Cab,udickerson@example.org
124 Spider,sadams@example.com
3500 Regular Cab,michaelwilson@example.com
Armada,jonesrebekah@example.org
Sierra 3500 HD Regular Cab,xsmith@example.net
Viper,rrichards@example.net
Savana 2500 Passenger,jasonthompson@example.org
Envoy XL,richard14@example.com
R-Class,omurphy@example.net
4Runner,mckinneywyatt@example.org
fortwo electric drive cabrio,ricelisa@example.com
Grand Am,gdunn@example.net
Express 1500 Passenger,dclark@example.com
Fusion,levineantonio@example.org
I,doughertysherry@example.org
GLS,mcclainrodney@example.org
CTS-V,stevehaney@example.com
Windstar Passenger,robert44@example.org
F250 Regular Cab,gilbertcody@example.org
718 Boxster,cassandra96@example.net
Envoy,lindahansen@example.com
D150 Club Cab,jeffery28@example.net
Caravan Cargo,payneelizabeth@example.net
Silverado (Classic) 1500 Crew Cab,joannamay@example.org
Sierra 1500 Extended Cab,colefreeman@example.com
Focus,areyes@example.com
Sierra 2500 HD Crew Cab,sheppardteresa@example.com
Tiburon,rrichards@example.net
2500 Regular Cab,kyle16@example.com
Express 2500 Cargo,chelseafisher@example.com
Prius,gwatson@example.com
7 Series,rogersrichard@example.com
CT,rileyelizabeth@example.net
Sprinter 2500 Passenger,alexander04@example.org
Niro Plug-in Hybrid,elizabeth69@example.com
i8,robert84@example.com
Transit Connect Cargo,austinkaren@example.com
Metro,aguilartammy@example.org
F150 SuperCrew Cab,erinscott@example.net
Forte,martinezmary@example.net
Vantage,benjaminnelson@example.com
Enclave,santanajustin@example.net
Firebird,tdominguez@example.net
CT6,taylorjonathan@example.net
Tribeca,jeffreybernard@example.com
Discovery,omurphy@example.net
Sonata Hybrid,fletcherlisa@example.net
500c,aaron59@example.com
K900,kennethduke@example.net
Prizm,ybell@example.org
Vandura 2500,michaelwilson@example.com
CLK-Class,johnsonandrea@example.org
C-Class,laurie56@example.org
Avalon,charlesgraham@example.com
C-Class,ohughes@example.net
MAZDA6,nicolejones@example.com
3000GT,garciadaniel@example.org
Excursion,robertjoseph@example.com
RAV4,oparker@example.org
DBS,dawnholder@example.com
Sienna,dianelucas@example.com
Countryman,jameshughes@example.com
4Runner,josethompson@example.org
Accord,william23@example.org
Suburban 3500HD,penamelinda@example.com
LEAF,amygonzalez@example.net
F350 Super Duty Super Cab,simsedward@example.net
Safari Cargo,davidjohnson@example.com
X5,edwardklein@example.org
Sidekick,corey33@example.com
Navigator,veronica33@example.net
Civic,robertfoster@example.org
Sierra 1500 HD Crew Cab,osimpson@example.org
Ram 1500 Club Cab,monicadaniels@example.net
Escalade,robert84@example.com
Savana 3500 Cargo,sethhopkins@example.com
Pilot,cartercassandra@example.net
1500 Regular Cab,adrienne75@example.org
Avalon,lindseyhartman@example.org
928,mariamurphy@example.org
GTI,grantkatherine@example.org
Swift,troy85@example.net
Legacy,xtucker@example.com
Colt,amanda00@example.org
E250 Cargo,davisdonna@example.org
Yukon XL 2500,kevinjohnson@example.com
Impreza,jordancannon@example.org
XF,brownjacqueline@example.com
Challenger,christopher12@example.org
TrailBlazer,jonathanevans@example.net
Santa Fe,marshallcandace@example.com
S10 Regular Cab,christina62@example.com
Solara,imartin@example.com
IS F,udickerson@example.org
Mirai,ericbennett@example.org
CTS,christopher12@example.org
Supra,susan23@example.com
Sonic,david90@example.org
Touareg,taylorjonathan@example.net
Xterra,joannamay@example.org
Passat,wagnerjason@example.com
tC,lramirez@example.com
C-MAX Energi,shellybass@example.net
R8,mweaver@example.org
4Runner,rileyelizabeth@example.net
I-PACE,zalvarado@example.org
Charger,tiffany07@example.org
CL,zcantrell@example.org
CL-Class,katherine25@example.org
Sierra 1500 Crew Cab,dianemarshall@example.com
Excursion,joyce58@example.net
1500 Classic Crew Cab,jschneider@example.com
Mustang,nicholascarroll@example.com
S6,cheryl86@example.net
Cobalt,lpalmer@example.net
62,nathanwang@example.org
Tundra Regular Cab,atravis@example.org
X6 M,lisa14@example.org
LeMans,james97@example.net
T100 Regular Cab,mikearroyo@example.com
Rogue Select,bartonrobert@example.net
B-Series Regular Cab,tina13@example.org
Sonoma Regular Cab,jhurley@example.com
Transit 350 Van,jamesjoseph@example.net
XJ,alexisharris@example.net
NV3500 HD Passenger,aaron59@example.com
Sonic,eugene94@example.org
Ram Wagon 1500,joshua49@example.net
Passport,manuelnunez@example.org
Niro Plug-in Hybrid,rogersrichard@example.com
Express 1500 Cargo,paynekelly@example.org
Avalon Hybrid,robertfoster@example.org
Acadia,kayla27@example.com
G-Series G30,ocain@example.net
Ram 1500 Mega Cab,ysloan@example.com
G,smiththomas@example.net
Mustang,turnerrichard@example.com
Q,troy85@example.net
Grand Caravan Passenger,fweeks@example.org
57,robertjoseph@example.com
Accent,mweaver@example.org
TL,michael91@example.org
Silverado 3500 HD Regular Cab,brittney06@example.org
Tucson,ortizdonna@example.com
Lumina,wadecarla@example.net
MPV,franciswhitney@example.net
S8,julia66@example.org