email,username,Gender,birth_date
shelby96@example.org,Nicholas Brown,Male,1962-3-3
david04@example.com,Patricia Robinson,Female,1936-2-13
ashley79@example.org,Gloria Orr,Female,1981-3-9
fsmith@example.com,Jennifer Lawson,Female,1965-4-26
pturner@example.org,Joseph Baker,Male,1993-7-4
langpatrick@example.net,Jesus Turner,Male,1964-4-17
agordon@example.net,Jason Tapia,Male,1975-7-9
ryan29@example.org,Martin Mendez,Male,1951-6-3
qmorrison@example.org,Denise Harrington MD,Female,1962-7-24
bradleyrachel@example.net,Jennifer Fischer,Female,1981-7-11
michaelsawyer@example.net,Patrick Dickerson,Male,1992-2-9
neilgomez@example.org,Ashlee Bartlett,Female,1993-4-4
bartonbruce@example.org,Todd Ramirez,Male,1953-6-13
stacy63@example.com,Jacob Murphy,Male,1953-12-1
xgreen@example.net,Angela Calderon,Female,1995-5-2
cynthia35@example.org,Katherine Fisher,Female,1956-9-12
benjamin21@example.org,James Mitchell,Male,1963-1-2
krivas@example.com,Matthew Benson,Male,1959-10-21
haasfrank@example.net,Jacob Kennedy,Male,1949-5-9
qgrant@example.com,Heidi Jones,Female,1987-5-15
weeksalan@example.net,Victor Ferguson,Male,1972-8-25
mfuller@example.com,Jason Mccoy,Male,1992-2-23
ksmith@example.com,Taylor Casey,Male,1976-4-11
dtownsend@example.org,Raymond Clark,Male,1954-4-10
kelleyjacqueline@example.net,Brandon Booker,Male,1996-9-17
gonzalezkimberly@example.com,Jonathan Atkinson,Male,1938-2-27
ruizjerry@example.net,David Fitzpatrick,Male,1959-3-28
leroydavis@example.com,Claire Harmon,Female,1977-3-10
rachelgomez@example.net,Jared Yu,Male,1981-6-8
mspencer@example.net,Amy Johnson,Female,1947-11-20
jorgestone@example.net,Lori Buck,Female,1968-3-22
woodsherri@example.org,Julia Savage DVM,Female,1997-3-27
david76@example.org,Richard Howard,Male,1932-11-13
johnsonjessica@example.org,Matthew Moreno,Male,1968-5-8
arthur65@example.org,Steven Doyle,Male,1944-9-26
kmercer@example.com,Bianca Baker,Female,1993-3-4
zimmermansusan@example.org,Emma Huynh,Female,1955-4-10
brownmatthew@example.com,Ralph Perez,Male,1955-1-8
erin79@example.net,Wesley Graham,Male,1947-8-12
regina46@example.com,Jeremy Calderon,Male,1944-11-19
zacharymoody@example.com,Jennifer Davis,Female,1977-11-15
sara05@example.net,Austin Moody,Male,1974-3-12
ashley60@example.com,Charles Griffith,Male,1982-1-20
cprice@example.org,Lisa York,Female,1998-11-2
robert26@example.com,Christina Steele,Female,1999-5-6
juliemartinez@example.net,Neil West,Male,1973-10-15
floyddavid@example.org,Melanie Holt,Female,1965-8-25
desiree02@example.net,Robert Powell,Male,1954-10-9
biancadiaz@example.net,John Reed,Male,1970-6-15
veronica90@example.org,Mrs. Melissa Cook MD,Female,1977-5-18
kurtwilson@example.net,Mr. Michael Palmer DVM,Male,1942-1-2
christopher75@example.org,Eric Hutchinson,Male,1946-11-25
hollylambert@example.net,Christian Walker,Male,1937-6-16
ismith@example.com,Peter Nguyen,Male,1956-8-20
johnsonangela@example.org,Chad Miller,Male,1952-9-3
lhall@example.org,Dylan Payne,Male,1975-4-12
nnixon@example.net,Laura Long,Female,1998-10-16
hansenjennifer@example.net,Roberto Phelps,Male,1950-10-10
tiffany01@example.org,Carl Garcia,Male,1975-10-4
tonyaallen@example.org,Jennifer Nguyen,Female,1970-5-19
ngonzalez@example.net,Lauren Deleon,Female,1984-10-21
sararichardson@example.org,Peggy Cooper,Female,1932-8-2
wandachang@example.com,Nathan Chavez,Male,1999-4-4
masondaniel@example.com,Rhonda Mccoy,Female,1972-12-8
brittany58@example.com,Dennis Martin,Male,1955-11-27
colepratt@example.net,Juan Caldwell,Male,1990-6-2
beckershawn@example.org,Bryan Fitzgerald,Male,1944-7-17
donaldcervantes@example.org,Tracy Price,Female,1947-5-21
ewest@example.com,Chelsea Zuniga,Female,1946-10-24
dawsonsierra@example.org,Christina Soto,Female,1959-7-19
jeffreyroberts@example.org,James Bates,Male,1953-2-5
masseyanna@example.com,Rebecca Harmon,Female,1935-12-22
phernandez@example.org,Janet Williams,Female,1994-6-26
jcook@example.com,Aaron Zuniga,Male,1982-11-15
larrylutz@example.com,Kenneth Harrison,Male,1970-4-21
hoopermario@example.com,Stephanie Erickson,Female,1982-6-24
willisdaniel@example.net,Lauren Bailey,Female,1937-9-4
nmoore@example.net,Tiffany Snyder,Female,1978-1-3
bowersjacob@example.org,Tammy Fitzgerald,Female,1937-7-17
gary63@example.com,Amy Kelly,Female,1985-1-19
kristinebanks@example.org,Christopher Davis,Male,1954-9-10
cvelasquez@example.net,Keith Sexton,Male,1975-9-3
lopezlisa@example.com,Joseph Mack,Male,1930-6-15
vross@example.net,Donald Bell,Male,1968-10-27
ashley79@example.com,Steven Vincent,Male,1972-11-28
adamturner@example.net,David Watkins,Male,1951-2-17
ejenkins@example.org,Robert Turner,Male,1992-9-8
andrew76@example.com,David Moore,Male,1950-12-28
ijohnson@example.org,Michael Davis,Male,1940-1-23
frostkatie@example.com,Sean Palmer,Male,1976-7-25
pachecolarry@example.net,Laura Johnson,Female,1939-6-21
hammondtyler@example.com,Trevor Wells,Male,1968-2-12
justin80@example.com,Dominic Abbott,Male,1995-5-24
gina05@example.net,Amanda Conley,Female,1938-6-9
catherinesalas@example.org,Ashley Gonzalez,Female,1946-5-6
frivera@example.com,Brian Smith,Male,1937-9-12
kingrichard@example.com,Wesley Rose,Male,1977-3-6
hornebryan@example.net,Shannon Ward,Female,1934-6-9
traci23@example.com,Jennifer Smith,Female,1959-12-19
jessica07@example.com,Jeffrey Bryant,Male,1966-1-5
kchase@example.net,Jennifer Peterson,Female,1980-12-19
hernandeztimothy@example.org,Brian Steele,Male,1953-2-4
catherineweaver@example.com,Robert Taylor,Male,1984-3-24
michaelbrock@example.com,Travis Dean,Male,1977-7-26
nsaunders@example.org,Lisa Mcintyre,Female,1933-11-24
daniellandry@example.org,Joseph Brown,Male,1961-12-6
krystalgreen@example.com,Donald Gibbs,Male,1967-7-24
stewartcalvin@example.net,Travis Oliver,Male,1973-6-4
wagnerpaul@example.net,Anthony Mercer,Male,1989-4-4
johnsondebbie@example.net,Pamela Hardy,Female,1978-2-3
nicole39@example.org,Mary Adams MD,Female,1991-9-5
jackiemartin@example.org,Leroy Stevens,Male,1984-1-27
robert73@example.net,Brian Davis,Male,1980-5-17
jordanbrooke@example.net,Jamie Woodward,Female,1973-12-14
alan37@example.com,Brianna Thomas,Female,1957-9-28
gabriel48@example.org,Mark Pierce,Male,1970-6-25
ecooper@example.net,Derek Hubbard,Male,1932-1-24
simpsonjonathan@example.net,Lindsey Bennett,Female,1995-5-15
wjones@example.net,Alicia Thomas,Female,1938-6-12
tlewis@example.net,Katrina Ray,Female,1936-10-5
timothyross@example.com,Renee Brown,Female,1996-1-10
rothchristopher@example.net,William Hernandez,Male,1934-12-13
jennifer81@example.net,Stephanie Perez,Female,1944-2-5
browntammy@example.net,Alexis Benton,Female,1941-5-9
justinaustin@example.org,Jonathan Robinson,Male,1960-11-17
schwartzjonathan@example.com,Gilbert Oliver,Male,2000-6-26
mariah06@example.net,Aaron Lucero,Male,1998-12-11
sjohnson@example.net,Elizabeth Elliott,Female,1963-3-11
esparks@example.net,Mrs. Brittany Taylor,Female,1930-11-23
hmills@example.org,Laurie Berry,Female,1930-11-28
denisemay@example.org,Andrew Steele,Male,1949-7-28
kenneth17@example.org,Thomas Thompson,Male,1988-12-25
smithjonathan@example.com,Andrew Deleon,Male,1938-4-7
justinparsons@example.net,Bobby Morrison,Male,1975-10-18
coopercrystal@example.org,Robert Robinson,Male,1958-7-5
beverly81@example.org,Edward Spencer,Male,1940-1-11
sandy92@example.com,Amanda Moore,Female,1990-5-5
colleendavis@example.org,John Palmer,Male,1974-9-23
brandygoodman@example.com,Courtney Miller,Female,1949-12-21
melanievalenzuela@example.net,Amy Bean,Female,1982-11-3
amyclay@example.net,Julie Carter,Female,1964-5-26
lisa01@example.com,Michelle Higgins,Female,1965-4-5
melissareid@example.com,Fred Cervantes,Male,1992-3-2
sriggs@example.com,Anna Sanchez,Female,1939-12-1
holtjeremy@example.net,Robert White,Male,1985-1-16
davidbenton@example.com,Eric Turner,Male,1935-1-6
davidsongabriela@example.net,Sara Pacheco,Female,1952-9-21
leecheyenne@example.com,Pamela Hart,Female,1932-12-22
taylorlauren@example.org,Melissa Holland,Female,1976-6-20
wgarcia@example.net,John Nguyen,Male,1988-3-27
mallorysharp@example.net,Ashley Gonzales,Female,1948-3-11
nwilliams@example.net,Erin Clark,Female,1989-9-22
brownrodney@example.com,David Curtis,Male,1973-11-14
gnielsen@example.com,Sara Williams,Female,1930-2-15
vball@example.org,Tiffany Pruitt,Female,1953-10-18
janehoward@example.org,Amy Jones,Female,1959-10-14
cwilliams@example.com,Thomas Kelly,Male,1989-12-16
david64@example.com,Thomas Mcdonald,Male,1947-2-11
andrea53@example.net,Ethan Wilkins,Male,1949-3-3
edwardsjennifer@example.net,William Gonzales,Male,1937-9-23
sbender@example.com,Teresa Robbins,Female,1975-5-1
pmills@example.net,James Galvan,Male,1957-6-26
shannon63@example.net,Jose Manning,Male,1941-9-26
kjordan@example.com,Angela Walker,Female,1989-7-15
virginiavilla@example.net,Katie Oliver,Female,1948-4-5
sarahphillips@example.net,Lauren Lopez,Female,1995-3-7
zbuchanan@example.com,Mr. Jay Robinson,Male,1999-1-3
michelle12@example.org,Jamie Bailey,Female,1937-10-13
wmiller@example.com,Melinda Bass,Female,1979-10-21
shawtyler@example.net,Jasmine Rodriguez,Female,1992-4-21
amueller@example.net,Jeffrey Dunn,Male,1985-3-2
iwilson@example.com,Ray Davis,Male,1956-9-23
hooverian@example.com,Chelsea Harmon,Female,1964-8-16
ggarcia@example.com,Philip Fisher,Male,1996-11-10
mike03@example.net,Miranda Barrett,Female,1939-9-9
patricksmith@example.com,April Pena,Female,1933-1-3
uunderwood@example.org,Tara Larson,Female,1944-5-9
spencer07@example.com,Jasmine White,Female,1950-1-8
zacharyscott@example.net,Charles Clark,Male,1997-11-4
nmitchell@example.com,Phillip Moore,Male,1976-6-19
obeck@example.net,Rachel Oconnor,Female,1986-3-23
arroyorobert@example.net,Michelle Cooper,Female,1967-6-5
gvazquez@example.org,Joshua Erickson,Male,1972-2-23
jonathanwilson@example.org,Paul Bishop,Male,1942-5-9
lthomas@example.com,Erica Jackson,Female,1973-5-27
elizabethbrown@example.com,Kathryn Miller,Female,1972-4-21
christopher50@example.net,Willie Ho,Male,1975-9-21
robbinsrebecca@example.com,Lawrence Robinson,Male,1964-9-10
traceymcdonald@example.org,Mark Anderson,Male,1933-5-12
benjamin95@example.net,Michael Alvarez,Male,1962-1-28
woodszachary@example.com,Kimberly Thomas,Female,1978-5-24
ynewman@example.net,Catherine Martin,Female,1966-6-21
johnrichardson@example.net,Courtney Barber,Female,1953-1-16
ajuarez@example.org,Sherry Sanchez,Female,1989-2-9
joseph20@example.org,Tonya Castillo,Female,1988-6-6
josephwilliams@example.com,Paige Harrison,Female,1952-7-17
codyhernandez@example.org,Richard Henry,Male,1939-11-9
elizabethgould@example.com,Monica Simmons,Female,1989-10-2
victoria08@example.com,Michaela Long,Female,1992-9-28
ghale@example.com,Jacob Roberts,Male,1976-10-27
tbanks@example.org,Maria Jackson,Female,1997-6-17
princematthew@example.org,Adriana Nelson,Female,1994-7-6
morrowbrian@example.org,Krystal Dixon,Female,1976-9-8
jimjames@example.com,Erica Carr,Female,1938-9-13
taylorcoffey@example.net,Mrs. Lisa Lee MD,Female,1989-11-15
james08@example.com,Rachael Freeman,Female,1981-7-13
rsherman@example.org,Michael Stanton,Male,1947-3-14
ryannewton@example.org,Michael White,Male,1935-10-6
dpatrick@example.net,Sarah Kirk,Female,1932-7-25
joshuaford@example.com,Dr. Gary Hoffman DVM,Male,1930-4-13
nicholsann@example.net,Hannah Warner,Female,1945-4-22
andrew64@example.com,Kylie Davis,Female,1942-9-4
karengarrett@example.net,Nicole Hunter,Female,1960-10-2
dwaynegonzalez@example.net,Jonathan Barnett,Male,1990-12-18
donaldlarson@example.org,Christian May,Male,1936-9-23
karaconner@example.org,Brian Lindsey,Male,1992-12-2
patricia87@example.com,Wendy Russo,Female,1982-10-3
judith07@example.com,Michael Moyer,Male,1993-2-19
michael85@example.net,Victoria Brown,Female,1935-2-10
michelle58@example.net,Timothy Baker,Male,1978-11-18
wyoung@example.org,Deborah James,Female,1941-9-16
gavinroberts@example.com,Jessica Nichols,Female,1931-8-17
nwoodard@example.net,Molly Burke,Female,1975-11-8
dixonmichael@example.com,Nicholas Arnold,Male,1938-11-20
mmendoza@example.com,Caleb Anderson,Male,1984-6-9
ybennett@example.net,Andrew Baker,Male,1988-2-24
david48@example.org,Courtney Fox,Female,1982-11-11
christopher44@example.net,Charles Ferguson,Male,1997-10-20
hobbsamy@example.com,Thomas Gillespie,Male,1949-11-24
caitlinmartinez@example.org,Tonya Ruiz,Female,1969-7-18
xyoung@example.com,Jeffrey Garcia,Male,1997-1-13
landryjanet@example.com,Brittany Hicks,Female,1962-1-25
kellyadam@example.net,Troy Smith,Male,1995-7-19
garyoneal@example.net,Michele Johnston,Female,1942-5-25
pamelamalone@example.org,Joseph Ramos,Male,1979-10-22
nicholsdavid@example.com,Stacey Peterson,Female,1945-5-13
austinchristopher@example.com,Daniel Johnston,Male,1958-10-20
beth71@example.com,Robert Harrison,Male,1941-8-16
andrewsamber@example.net,Richard Austin,Male,1966-12-8
evanvalentine@example.net,Miss Felicia Arias,Female,1943-1-26
grahamamy@example.org,Gary Velez,Male,2000-11-24
jwilson@example.org,Scott Raymond,Male,1970-10-19
abbottalexander@example.net,Valerie Woods,Female,1994-5-24
suzanne42@example.org,Linda Holt,Female,1993-9-10
ashley68@example.org,Natalie Miller,Female,1987-6-8
jamesthomas@example.com,John Erickson,Male,1941-10-20
fhanna@example.com,Stephanie Harris,Female,1992-4-6
hfuller@example.net,Jennifer Duran,Female,1993-1-24
shawnharris@example.org,Alicia Rodriguez,Female,1992-5-24
michael28@example.net,Olivia Leon,Female,1931-8-13
hsutton@example.com,Robert Smith,Male,1946-3-8
bryanwood@example.com,Michael Benton,Male,1963-1-7
coxcarol@example.com,Patricia Lopez,Female,1991-2-26
elizabethward@example.net,Henry Baker,Male,1965-1-23
salazarmatthew@example.net,Kyle Sexton,Male,1930-4-20
srosario@example.com,Amber Hill,Female,1970-8-13
hamiltonmatthew@example.org,Suzanne Larsen,Female,1930-4-20
johnsondavid@example.com,Jordan Garza,Male,1942-8-15
ecarroll@example.net,Donald Byrd,Male,1972-8-7
lmills@example.net,Candace Miller,Female,1979-5-28
terriwatkins@example.net,Paul Ochoa,Male,1968-12-2
mwhite@example.org,Dominique Hicks,Female,1944-12-7
david05@example.net,Jeffery Gonzalez,Male,1955-7-17
youngbenjamin@example.org,Vanessa Jimenez,Female,1991-5-14
melissa44@example.com,Ralph Alvarez,Male,1950-1-26
jbrown@example.org,Laura Phillips DDS,Female,1965-9-27
arusso@example.com,Teresa Marshall,Female,2000-2-18
teresa10@example.net,Kristy Burnett,Female,1999-3-26
palmersamuel@example.com,Leroy Wilkinson,Male,1991-3-9
johnbarnes@example.net,Sarah Rosario,Female,1953-8-22
jason62@example.com,Paul Brady,Male,1943-3-21
brandipage@example.com,Edward Fox,Male,1949-2-9
hflores@example.com,Donna Kirby,Female,1940-2-23
kimberlygreen@example.com,Daniel Hopkins,Male,1953-7-8
smithmiranda@example.com,Tanya Potts,Female,1952-2-23
vanderson@example.com,Elizabeth Robinson,Female,1970-9-25
rhall@example.org,Kathryn Lane,Female,1986-8-26
courtney24@example.net,Jonathan Mitchell,Male,1930-12-10
sandralambert@example.net,Thomas Santana,Male,1942-7-7
zamorajonathan@example.com,Ronald Myers Jr.,Male,1958-5-26
smithclaire@example.net,Crystal Lambert,Female,1983-3-26
gabrielagray@example.com,William Todd,Male,1980-3-5
jeffmueller@example.net,Michelle Fletcher,Female,1934-10-9
shendrix@example.com,Keith Booker,Male,1949-3-26
wford@example.com,Donald Atkins,Male,1948-8-26
theresa89@example.org,Brandy Bailey,Female,1956-10-6
sotowalter@example.com,Michael Brown,Male,1995-12-10
ewalker@example.net,Ryan Hunt,Male,1985-5-13
sarahgonzalez@example.org,Veronica Murillo,Female,1962-10-9
sally46@example.org,Brian Sullivan,Male,1964-9-4
asanchez@example.net,Katherine King,Female,1981-12-23
tammybeasley@example.net,Rebecca Berry,Female,1934-7-18
philip56@example.net,Donald Garcia,Male,1979-3-15
ebutler@example.org,Matthew Tucker,Male,1998-5-20
smithrachel@example.net,James Lam,Male,1941-11-8
christinagarcia@example.net,Michael Garcia,Male,1930-5-26
zjohnson@example.com,Jason Clark,Male,1970-2-21
alvaradocraig@example.net,Kim Lowe,Female,1988-5-26
