email,AD_ID
williamsveronica@example.net,196550430
chencynthia@example.com,196487091
rodgersmarvin@example.com,196534610
smithbrian@example.com,195631761
edwardlyons@example.org,195867124
jessica65@example.org,196155871
robert58@example.org,195098335
travis22@example.org,196552819
pharrison@example.com,181073483
twilliams@example.net,196525442
victoria50@example.com,196487377
santanajustin@example.net,193416299
fdavis@example.com,194200076
qreynolds@example.org,196505546
williamsveronica@example.net,180095572
csanchez@example.com,196486398
lindseyhartman@example.org,196550430
michellehuynh@example.org,196487091
ssmith@example.net,196483317
barneslindsay@example.org,196305631
wmacdonald@example.org,196487778
eugene94@example.org,196525442
jeffery28@example.net,196486134
jnash@example.org,195270861
olsonisaac@example.org,196123137
cassandra96@example.net,196487084
cartercassandra@example.net,196485861
wrightjane@example.net,196487084
kjones@example.org,196474476
brianray@example.com,196487099
kristopherhester@example.com,196552347
richard14@example.com,196550596
dparks@example.net,179001296
cooleychristopher@example.org,196475391
yfaulkner@example.org,196491177
jesse65@example.com,128970246
gloriasherman@example.com,196483317
powersjonathan@example.org,196349555
mariamurphy@example.org,179001296
zcantrell@example.org,178021468
carrie43@example.org,196539509
tina13@example.org,196525555
nicholascarroll@example.com,196552347
williamsrhonda@example.org,196123137
tinapark@example.org,195897130
rebeccamills@example.net,196477267
taylortony@example.com,196475143
jessica11@example.com,196456887
kenneth29@example.org,195652163
clineandrea@example.org,195270861
imartin@example.com,196123324
paynekelly@example.org,196477267
garciadaniel@example.org,196090728
bridgesraymond@example.com,195652163
wagnerjason@example.com,195270861
webbmelissa@example.com,128970246
olsonisaac@example.org,195631761
parkapril@example.net,196551882
richardcrawford@example.org,196552347
dporter@example.net,196531984
leslie02@example.org,196544009
cramos@example.com,196505458
benjaminnelson@example.com,196525555
kurtmartin@example.com,196551882
austinkaren@example.com,196212764
sara37@example.com,196549008
jlopez@example.org,196511523
clineandrea@example.org,196486087
vcompton@example.com,196542559
doylemichael@example.net,196487377
salaskatherine@example.net,196474497
qmiller@example.com,196541178
fdavis@example.com,195981027
alexisharris@example.net,196201557
pattersonscott@example.org,194803678
osimpson@example.org,196487084
amybrown@example.net,196245546
wilsonnicole@example.net,195652163
lisarogers@example.com,196477267
ellensloan@example.net,196550430
christine45@example.net,195631761
obrown@example.com,196321905
jordancannon@example.org,196456887
michaelwilson@example.com,196476438
autumn50@example.com,196552830
yolanda55@example.net,196552364
jonesrebekah@example.org,195867124
chase44@example.org,193416299
vcollins@example.com,179001296
susan16@example.net,194200076
kingjamie@example.com,196524242
charles34@example.net,196468258
jenniferbrown@example.com,196486087
yarnold@example.org,196525637
lisa14@example.org,196549536
dwilliams@example.org,196518722
markcox@example.com,196258662
hkim@example.net,195270861
alan04@example.com,196552867
jacqueline20@example.org,194744652
sethhopkins@example.com,196477267
jensenchristopher@example.net,196483317
brianmaldonado@example.org,196021755
lauraandrade@example.org,195896749
robbinsshane@example.com,195459196
andres45@example.org,196475143
laurenjimenez@example.org,196544009
robertfoster@example.org,196477267
ortizdonna@example.com,196544009
marcushall@example.org,195663544
zgomez@example.com,196541947
rachel80@example.org,196480351
andrewsfrederick@example.org,195270861
kevinjohnson@example.com,196201557
mccoybrian@example.net,195459196
murphymatthew@example.org,192861999
joyce58@example.net,196542559
webbtheodore@example.net,128970246
jeffery28@example.net,196342200
anthony26@example.com,196525637
lisa87@example.net,196245658
jessehayes@example.org,196552364
amygonzalez@example.net,194744569
anthonyrodriguez@example.org,196549536
thompsondeanna@example.net,196552364
doughertysherry@example.org,196534610
robin14@example.com,196549430
amymorris@example.org,181073483
peter17@example.com,195652163
masseysue@example.org,196123137
christina62@example.com,194492012
timothymanning@example.org,180095572
ohughes@example.net,196321905
zalvarado@example.org,195981027
robertscynthia@example.com,196474497
bdudley@example.com,196472535
doylemichael@example.net,196271114
jenniferbrown@example.com,196511523
grantkatherine@example.org,196487955
alexander04@example.org,196552830
alexis77@example.com,196487340
wrightjane@example.net,196549008
douglasadams@example.com,196201557
vcollins@example.com,196487302
nina50@example.net,191556070
tpearson@example.org,196534610
vcollins@example.com,193417037
williamnguyen@example.org,194200076
arogers@example.com,194803678
